{
"meta":{"test_sets":[],"test_metrics":[],"learn_metrics":[{"best_value":"Min","name":"MultiClass"}],"launch_mode":"Train","parameters":"","iteration_count":100,"learn_sets":["learn"],"name":"experiment"},
"iterations":[
{"learn":[1.417865968],"iteration":0,"passed_time":0.03005792182,"remaining_time":2.975734261},
{"learn":[1.362633199],"iteration":1,"passed_time":0.05681977152,"remaining_time":2.784168805},
{"learn":[1.310946555],"iteration":2,"passed_time":0.07893664147,"remaining_time":2.552284741},
{"learn":[1.265573422],"iteration":3,"passed_time":0.1011698472,"remaining_time":2.428076334},
{"learn":[1.22472446],"iteration":4,"passed_time":0.1247766559,"remaining_time":2.370756461},
{"learn":[1.189537712],"iteration":5,"passed_time":0.1457980016,"remaining_time":2.284168692},
{"learn":[1.155928991],"iteration":6,"passed_time":0.1685603761,"remaining_time":2.239444997},
{"learn":[1.123364751],"iteration":7,"passed_time":0.192592681,"remaining_time":2.214815832},
{"learn":[1.094029216],"iteration":8,"passed_time":0.2129207918,"remaining_time":2.152865783},
{"learn":[1.068499151],"iteration":9,"passed_time":0.2302400509,"remaining_time":2.072160458},
{"learn":[1.042485705],"iteration":10,"passed_time":0.247922039,"remaining_time":2.005914679},
{"learn":[1.019259556],"iteration":11,"passed_time":0.2730609451,"remaining_time":2.002446931},
{"learn":[0.9984025891],"iteration":12,"passed_time":0.2911878997,"remaining_time":1.948719021},
{"learn":[0.9787336437],"iteration":13,"passed_time":0.3085135275,"remaining_time":1.895154526},
{"learn":[0.9595398145],"iteration":14,"passed_time":0.3244578915,"remaining_time":1.838594718},
{"learn":[0.9429585254],"iteration":15,"passed_time":0.3413468137,"remaining_time":1.792070772},
{"learn":[0.9263502442],"iteration":16,"passed_time":0.3575172334,"remaining_time":1.745525316},
{"learn":[0.9097586426],"iteration":17,"passed_time":0.374437451,"remaining_time":1.70577061},
{"learn":[0.8939550738],"iteration":18,"passed_time":0.3914602962,"remaining_time":1.668857052},
{"learn":[0.8810140143],"iteration":19,"passed_time":0.4086936335,"remaining_time":1.634774534},
{"learn":[0.865841279],"iteration":20,"passed_time":0.4267318967,"remaining_time":1.605324754},
{"learn":[0.8529445403],"iteration":21,"passed_time":0.4430469831,"remaining_time":1.57080294},
{"learn":[0.8407128777],"iteration":22,"passed_time":0.4610710625,"remaining_time":1.543585731},
{"learn":[0.8292677839],"iteration":23,"passed_time":0.4792257745,"remaining_time":1.517548286},
{"learn":[0.8178461544],"iteration":24,"passed_time":0.4985803879,"remaining_time":1.495741164},
{"learn":[0.8070328258],"iteration":25,"passed_time":0.5239957733,"remaining_time":1.491372585},
{"learn":[0.7954553294],"iteration":26,"passed_time":0.542875489,"remaining_time":1.46777447},
{"learn":[0.7853355901],"iteration":27,"passed_time":0.560771777,"remaining_time":1.441984569},
{"learn":[0.7763907835],"iteration":28,"passed_time":0.5773021087,"remaining_time":1.413394818},
{"learn":[0.7679205712],"iteration":29,"passed_time":0.5945170803,"remaining_time":1.387206521},
{"learn":[0.7594335865],"iteration":30,"passed_time":0.6115360829,"remaining_time":1.361160959},
{"learn":[0.7500845947],"iteration":31,"passed_time":0.6300652459,"remaining_time":1.338888648},
{"learn":[0.7415604027],"iteration":32,"passed_time":0.6463427742,"remaining_time":1.312271693},
{"learn":[0.733597726],"iteration":33,"passed_time":0.6638372182,"remaining_time":1.288625188},
{"learn":[0.7262114062],"iteration":34,"passed_time":0.6841264138,"remaining_time":1.270520483},
{"learn":[0.7188411819],"iteration":35,"passed_time":0.7001301317,"remaining_time":1.24467579},
{"learn":[0.7116899879],"iteration":36,"passed_time":0.7169594499,"remaining_time":1.220768793},
{"learn":[0.7047175528],"iteration":37,"passed_time":0.7333057175,"remaining_time":1.196446171},
{"learn":[0.6984909096],"iteration":38,"passed_time":0.750991593,"remaining_time":1.174627876},
{"learn":[0.6930680861],"iteration":39,"passed_time":0.7719074159,"remaining_time":1.157861124},
{"learn":[0.6876484074],"iteration":40,"passed_time":0.7920024936,"remaining_time":1.139710905},
{"learn":[0.6819676821],"iteration":41,"passed_time":0.8089647677,"remaining_time":1.117141822},
{"learn":[0.6768342962],"iteration":42,"passed_time":0.8261448635,"remaining_time":1.095122261},
{"learn":[0.6708336422],"iteration":43,"passed_time":0.843682902,"remaining_time":1.073778239},
{"learn":[0.6656764266],"iteration":44,"passed_time":0.8605931815,"remaining_time":1.051836111},
{"learn":[0.6603221675],"iteration":45,"passed_time":0.8812335685,"remaining_time":1.03449158},
{"learn":[0.6545535597],"iteration":46,"passed_time":0.8994613708,"remaining_time":1.014286227},
{"learn":[0.6493282191],"iteration":47,"passed_time":0.9175375117,"remaining_time":0.9939989711},
{"learn":[0.6442105388],"iteration":48,"passed_time":0.9354473812,"remaining_time":0.9736289069},
{"learn":[0.6384436219],"iteration":49,"passed_time":0.9542970155,"remaining_time":0.9542970155},
{"learn":[0.6342695725],"iteration":50,"passed_time":0.9729176491,"remaining_time":0.9347640158},
{"learn":[0.6311159431],"iteration":51,"passed_time":0.9914010542,"remaining_time":0.9151394346},
{"learn":[0.6261827067],"iteration":52,"passed_time":1.008320939,"remaining_time":0.8941713987},
{"learn":[0.6219079965],"iteration":53,"passed_time":1.025751201,"remaining_time":0.8737880602},
{"learn":[0.6175674027],"iteration":54,"passed_time":1.043606985,"remaining_time":0.8538602603},
{"learn":[0.6131691341],"iteration":55,"passed_time":1.061093723,"remaining_time":0.8337164963},
{"learn":[0.6097312605],"iteration":56,"passed_time":1.077965674,"remaining_time":0.8132021753},
{"learn":[0.6055204314],"iteration":57,"passed_time":1.093580351,"remaining_time":0.7919030126},
{"learn":[0.6027199061],"iteration":58,"passed_time":1.109135038,"remaining_time":0.7707548567},
{"learn":[0.5994110096],"iteration":59,"passed_time":1.126846964,"remaining_time":0.7512313092},
{"learn":[0.5949774183],"iteration":60,"passed_time":1.146308344,"remaining_time":0.7328856625},
{"learn":[0.592156489],"iteration":61,"passed_time":1.16299594,"remaining_time":0.7128039635},
{"learn":[0.5882855604],"iteration":62,"passed_time":1.180222358,"remaining_time":0.693146464},
{"learn":[0.585021929],"iteration":63,"passed_time":1.198425429,"remaining_time":0.6741143038},
{"learn":[0.5821267218],"iteration":64,"passed_time":1.216453474,"remaining_time":0.6550134089},
{"learn":[0.5785820299],"iteration":65,"passed_time":1.234827089,"remaining_time":0.6361230459},
{"learn":[0.5750962066],"iteration":66,"passed_time":1.254455174,"remaining_time":0.617865981},
{"learn":[0.57224911],"iteration":67,"passed_time":1.272598214,"remaining_time":0.5988697476},
{"learn":[0.5692536641],"iteration":68,"passed_time":1.289174158,"remaining_time":0.5791941867},
{"learn":[0.5663245073],"iteration":69,"passed_time":1.307147426,"remaining_time":0.5602060395},
{"learn":[0.5644273674],"iteration":70,"passed_time":1.324862544,"remaining_time":0.5411410391},
{"learn":[0.5610828773],"iteration":71,"passed_time":1.345073253,"remaining_time":0.5230840427},
{"learn":[0.55854707],"iteration":72,"passed_time":1.365155564,"remaining_time":0.5049205511},
{"learn":[0.5557899118],"iteration":73,"passed_time":1.384815006,"remaining_time":0.4865566236},
{"learn":[0.5537858262],"iteration":74,"passed_time":1.404016996,"remaining_time":0.4680056654},
{"learn":[0.55171892],"iteration":75,"passed_time":1.421485528,"remaining_time":0.4488901667},
{"learn":[0.5491498666],"iteration":76,"passed_time":1.439136805,"remaining_time":0.4298720326},
{"learn":[0.5473250146],"iteration":77,"passed_time":1.456510512,"remaining_time":0.4108106573},
{"learn":[0.5452437241],"iteration":78,"passed_time":1.476816874,"remaining_time":0.3925715741},
{"learn":[0.5425323173],"iteration":79,"passed_time":1.496132087,"remaining_time":0.3740330218},
{"learn":[0.5406653603],"iteration":80,"passed_time":1.516053828,"remaining_time":0.3556175645},
{"learn":[0.5379741313],"iteration":81,"passed_time":1.536569574,"remaining_time":0.3372957601},
{"learn":[0.5355922959],"iteration":82,"passed_time":1.55817528,"remaining_time":0.3191443344},
{"learn":[0.5329110774],"iteration":83,"passed_time":1.576975714,"remaining_time":0.3003763265},
{"learn":[0.5301178109],"iteration":84,"passed_time":1.594449842,"remaining_time":0.2813735015},
{"learn":[0.5275711939],"iteration":85,"passed_time":1.612159084,"remaining_time":0.2624445021},
{"learn":[0.5258991288],"iteration":86,"passed_time":1.628586984,"remaining_time":0.2433520781},
{"learn":[0.5234868445],"iteration":87,"passed_time":1.645734265,"remaining_time":0.2244183089},
{"learn":[0.521589718],"iteration":88,"passed_time":1.662508079,"remaining_time":0.2054785266},
{"learn":[0.5196311255],"iteration":89,"passed_time":1.679615964,"remaining_time":0.1866239961},
{"learn":[0.516992229],"iteration":90,"passed_time":1.696349374,"remaining_time":0.1677708172},
{"learn":[0.5155705594],"iteration":91,"passed_time":1.712702514,"remaining_time":0.1489306534},
{"learn":[0.5136998745],"iteration":92,"passed_time":1.729452153,"remaining_time":0.130173818},
{"learn":[0.5117564747],"iteration":93,"passed_time":1.746157051,"remaining_time":0.1114568331},
{"learn":[0.5102310976],"iteration":94,"passed_time":1.762891704,"remaining_time":0.0927837739},
{"learn":[0.5082472724],"iteration":95,"passed_time":1.779952237,"remaining_time":0.07416467653},
{"learn":[0.5069379448],"iteration":96,"passed_time":1.796129536,"remaining_time":0.05555039801},
{"learn":[0.5050746658],"iteration":97,"passed_time":1.813291419,"remaining_time":0.03700594733},
{"learn":[0.5031891977],"iteration":98,"passed_time":1.830282072,"remaining_time":0.01848769769},
{"learn":[0.5009546063],"iteration":99,"passed_time":1.847747967,"remaining_time":0}
]}